target,tus_ok,tus_total,ll_kloc,threads,pairs,objects,high_risk,surface_s,status
net-unix,5,5,115,56,406,98,84,10,OK
net-tls,7,7,201,43,289,164,120,14,OK
net-can,6,6,150,103,823,104,75,13,OK
net-l2tp,7,7,199,97,833,166,123,13,OK
net-9p,10,10,172,89,2145,181,113,23,OK
fs-jbd2,6,6,190,84,1416,156,105,26,OK
net-qrtr,5,5,82,39,184,68,45,8,OK
net-nfc,10,10,200,148,2245,242,166,19,OK
net-openvswitch,15,15,352,69,671,586,386,85,OK
net-rds,31,31,596,117,1646,367,270,85,OK
net-mptcp,21,21,504,117,1776,402,227,51,OK
net-smc,19,19,514,127,927,512,387,56,OK
fs-fuse,22,22,375,199,4470,376,271,107,OK
net-tipc,25,25,583,139,2349,572,434,153,OK
sched-core,4,4,173,113,982,217,170,16,OK
sched-cls,5,5,197,88,977,350,235,20,OK
sched-act,5,5,156,70,552,277,191,13,OK
sched-qdisc,6,6,210,133,1941,209,137,24,OK
io-uring,42,43,740,255,13096,406,300,103,OK
net-bridge,32,32,784,286,2856,648,460,175,OK
